weight,size,cat,dog
9.14,53.65,1.0,1.0
9.17,39.44,1.0,1.0
9.43,46.69,1.0,1.0
7.0,57.97,1.0,1.0
13.63,66.75,0.0,1.0
8.52,48.67,1.0,1.0
10.45,45.99,1.0,1.0
8.97,44.48,1.0,1.0
1.87,15.78,0.0,0.0
3.95,36.71,1.0,0.0
1.63,15.44,0.0,0.0
4.56,40.79,1.0,0.0
11.78,57.81,1.0,1.0
2.31,15.58,0.0,0.0
2.14,18.26,0.0,0.0
3.0,14.11,0.0,0.0
16.6,66.42,0.0,1.0
2.51,13.22,0.0,0.0
1.9,17.23,0.0,0.0
14.12,73.52,0.0,1.0
12.07,51.93,1.0,1.0
4.69,38.23,1.0,0.0
16.18,58.61,0.0,1.0
10.18,52.36,1.0,1.0
4.9,44.82,1.0,0.0
4.94,27.89,1.0,0.0
4.21,42.38,1.0,0.0
1.47,17.18,0.0,0.0
2.1,18.52,0.0,0.0
1.66,14.91,0.0,0.0
14.33,67.31,0.0,1.0
3.64,32.12,1.0,0.0
11.78,60.27,1.0,1.0
11.48,69.58,0.0,1.0
13.02,63.58,0.0,1.0
4.54,32.43,1.0,0.0
9.66,59.64,1.0,1.0
10.57,50.89,1.0,1.0
2.16,14.0,0.0,0.0
5.18,33.99,1.0,0.0
11.3,61.64,0.0,1.0
4.71,27.76,1.0,0.0
17.18,76.58,0.0,1.0
1.53,14.94,0.0,0.0
13.49,65.24,0.0,1.0
15.12,63.02,0.0,1.0
2.81,21.22,0.0,0.0
7.0,39.19,1.0,1.0
16.11,60.49,0.0,1.0
1.82,15.33,0.0,0.0
9.93,50.34,1.0,1.0
2.43,12.58,0.0,0.0
14.87,65.98,0.0,1.0
12.25,42.74,1.0,1.0
3.5,35.05,1.0,0.0
4.08,35.57,1.0,0.0
9.91,44.4,1.0,1.0
4.18,30.37,1.0,0.0
3.19,25.0,1.0,0.0
2.4,14.61,0.0,0.0
16.44,64.68,0.0,1.0
5.22,34.9,1.0,0.0
11.62,49.96,1.0,1.0
6.5,29.01,1.0,0.0
11.66,46.54,1.0,1.0
9.1,51.09,1.0,1.0
7.92,52.74,1.0,1.0
2.15,18.1,0.0,0.0
4.75,35.48,1.0,0.0
9.94,55.03,1.0,1.0
4.62,33.56,1.0,0.0
15.07,59.54,0.0,1.0
9.89,50.96,1.0,1.0
9.69,65.0,1.0,1.0
16.32,67.17,0.0,1.0
13.56,51.71,0.0,1.0
9.04,57.11,1.0,1.0
4.64,31.89,1.0,0.0
9.71,51.02,1.0,1.0
13.92,61.17,0.0,1.0
8.34,48.34,1.0,1.0
4.45,38.41,1.0,0.0
10.49,52.44,0.0,1.0
5.2,33.45,1.0,0.0
10.32,65.66,0.0,1.0
12.21,51.6,1.0,1.0
2.09,14.51,0.0,0.0
9.56,46.52,1.0,1.0
2.0,9.51,0.0,0.0
16.93,60.82,0.0,1.0
14.6,61.08,0.0,1.0
17.62,67.82,0.0,1.0
9.96,43.45,1.0,1.0
4.16,32.35,1.0,0.0
1.73,12.74,0.0,0.0
14.4,56.83,0.0,1.0
1.96,14.26,0.0,0.0
4.13,37.06,1.0,0.0
3.66,39.07,1.0,0.0
1.19,11.73,0.0,0.0
8.99,60.02,1.0,1.0
12.69,60.56,0.0,1.0
1.77,15.76,0.0,0.0
13.52,68.95,0.0,1.0
11.45,51.8,1.0,1.0
9.74,47.81,1.0,1.0
9.17,53.22,1.0,1.0
1.51,15.67,0.0,0.0
4.33,40.9,1.0,0.0
1.75,13.14,0.0,0.0
10.92,51.15,1.0,1.0
1.32,13.05,0.0,0.0
1.19,16.54,0.0,0.0
2.03,8.54,0.0,0.0
5.14,30.87,1.0,0.0
13.69,53.42,0.0,1.0
4.34,42.51,1.0,0.0
2.18,12.68,0.0,0.0
9.28,45.28,1.0,1.0
9.0,56.35,0.0,1.0
1.96,13.69,0.0,0.0
13.06,52.81,0.0,1.0
11.34,44.9,1.0,1.0
15.68,60.39,0.0,1.0
4.63,29.59,1.0,0.0
9.44,52.85,1.0,1.0
13.12,58.94,1.0,1.0
14.23,56.44,0.0,1.0
1.62,18.38,0.0,0.0
1.95,20.7,0.0,0.0
10.52,48.65,1.0,1.0
1.64,16.28,0.0,0.0
16.89,59.37,0.0,1.0
2.12,18.21,0.0,0.0
8.47,48.15,1.0,1.0
5.15,35.59,1.0,0.0
5.05,35.12,1.0,0.0
5.03,33.9,1.0,0.0
4.58,37.31,1.0,0.0
4.47,30.91,1.0,0.0
3.47,36.79,1.0,0.0
4.04,34.05,1.0,0.0
10.46,46.34,1.0,1.0
10.85,54.32,0.0,1.0
2.23,14.67,0.0,0.0
2.65,9.6,0.0,0.0
1.99,13.55,0.0,0.0
3.66,42.62,1.0,0.0
2.15,14.33,0.0,0.0
19.19,76.27,0.0,1.0
10.19,50.82,1.0,1.0
3.67,35.6,1.0,0.0
2.4,17.84,0.0,0.0
18.18,64.47,0.0,1.0
1.76,13.83,0.0,0.0
13.64,66.57,0.0,1.0
13.95,57.84,0.0,1.0
10.83,53.52,1.0,1.0
4.16,33.91,1.0,0.0
1.83,14.92,0.0,0.0
9.88,41.09,1.0,1.0
2.32,14.47,0.0,0.0
8.73,46.06,1.0,1.0
8.51,43.72,1.0,1.0
3.0,10.01,0.0,0.0
10.89,59.17,1.0,1.0
15.93,65.23,0.0,1.0
8.55,54.41,1.0,1.0
18.0,73.25,0.0,1.0
15.72,63.51,0.0,1.0
14.86,52.87,0.0,1.0
13.05,71.08,0.0,1.0
3.16,37.6,1.0,0.0
2.86,16.3,0.0,0.0
15.64,77.03,0.0,1.0
12.19,79.37,0.0,1.0
13.37,57.4,0.0,1.0
12.92,70.6,0.0,1.0
1.56,12.87,0.0,0.0
9.85,43.38,1.0,1.0
16.29,56.99,0.0,1.0
11.14,53.23,1.0,1.0
14.69,66.79,0.0,1.0
10.06,63.92,1.0,1.0
1.5,11.92,0.0,0.0
4.27,44.38,1.0,0.0
19.69,60.43,0.0,1.0
15.32,61.9,0.0,1.0
2.44,15.81,0.0,0.0
7.67,53.56,1.0,1.0
2.26,18.38,0.0,0.0
1.59,15.06,0.0,0.0
8.97,41.47,1.0,1.0
3.7,29.7,1.0,0.0
4.96,36.07,1.0,0.0
15.5,70.16,0.0,1.0
16.58,56.97,0.0,1.0
4.86,32.23,1.0,0.0
10.74,44.16,1.0,1.0
4.56,38.12,1.0,0.0
4.3,33.07,1.0,0.0
12.36,42.01,1.0,1.0
10.66,46.09,1.0,1.0
11.76,49.95,1.0,1.0
2.09,11.57,0.0,0.0
10.12,38.0,1.0,1.0
4.79,31.26,1.0,0.0
2.42,14.5,0.0,0.0
13.19,62.75,0.0,1.0
2.23,15.51,0.0,0.0
5.45,35.11,1.0,0.0
5.41,37.46,1.0,0.0
1.84,12.24,0.0,0.0
2.58,19.23,0.0,0.0
11.51,45.46,1.0,1.0
13.96,57.65,0.0,1.0
11.53,46.14,1.0,1.0
4.78,28.09,1.0,0.0
2.66,11.62,0.0,0.0
7.9,57.74,1.0,1.0
13.97,62.53,0.0,1.0
8.79,51.35,1.0,1.0
2.54,13.83,0.0,0.0
3.27,38.15,1.0,0.0
1.91,14.22,0.0,0.0
4.95,45.0,1.0,0.0
9.74,50.49,1.0,1.0
16.89,60.01,0.0,1.0
2.17,14.68,0.0,0.0
8.16,38.98,1.0,1.0
17.59,66.33,0.0,1.0
1.54,16.05,0.0,0.0
12.55,68.4,0.0,1.0
9.26,38.15,1.0,1.0
3.76,28.81,1.0,0.0
5.8,38.31,1.0,0.0
4.65,30.22,1.0,0.0
2.42,16.94,0.0,0.0
4.65,25.0,1.0,0.0
20.68,58.86,0.0,1.0
5.57,40.16,1.0,0.0
3.54,32.35,1.0,0.0
12.6,51.02,1.0,1.0
2.61,15.06,0.0,0.0
13.78,66.78,0.0,1.0
4.45,30.86,1.0,0.0
16.8,60.56,0.0,1.0
4.29,38.96,1.0,0.0
3.93,39.88,1.0,0.0
12.85,71.67,0.0,1.0
5.53,35.38,1.0,0.0
1.92,17.26,0.0,0.0
0.56,19.02,0.0,0.0
1.47,14.73,0.0,0.0
14.42,74.65,0.0,1.0
14.45,62.1,0.0,1.0
10.64,57.42,1.0,1.0
1.5,12.64,0.0,0.0
1.8,11.78,0.0,0.0
4.34,32.58,1.0,0.0
7.95,47.76,1.0,1.0
17.76,76.52,0.0,1.0
4.68,27.96,1.0,0.0
16.25,64.72,0.0,1.0
11.89,68.77,0.0,1.0
1.79,11.73,0.0,0.0
2.38,18.23,0.0,0.0
10.77,80.0,0.0,1.0
10.63,47.07,1.0,1.0
18.82,60.75,0.0,1.0
10.4,66.67,0.0,1.0
5.3,35.49,1.0,0.0
2.29,17.09,0.0,0.0
17.32,57.61,0.0,1.0
13.21,48.1,1.0,1.0
4.88,38.87,1.0,0.0
3.88,36.83,1.0,0.0
9.79,54.55,1.0,1.0
4.75,30.51,1.0,0.0
1.93,17.28,0.0,0.0
10.36,48.19,1.0,1.0
2.15,12.61,0.0,0.0
5.1,39.41,1.0,0.0
17.09,68.44,0.0,1.0
5.29,35.18,1.0,0.0
10.42,52.37,1.0,1.0
18.74,70.06,0.0,1.0
14.54,66.95,0.0,1.0
3.75,36.56,1.0,0.0
2.18,9.68,0.0,0.0
1.5,16.13,0.0,0.0
1.5,14.04,0.0,0.0
11.39,55.0,1.0,1.0
14.91,64.28,0.0,1.0
15.7,77.38,0.0,1.0
14.09,64.68,0.0,1.0
2.59,10.49,0.0,0.0
17.34,77.52,0.0,1.0
5.04,31.46,1.0,0.0
4.0,38.11,1.0,0.0
9.31,64.96,1.0,1.0
14.1,54.76,0.0,1.0
16.02,57.26,0.0,1.0
14.14,66.06,0.0,1.0
1.76,13.71,0.0,0.0
2.09,14.85,0.0,0.0
15.45,64.72,0.0,1.0
7.67,44.36,1.0,1.0
1.41,22.0,0.0,0.0
11.74,48.17,1.0,1.0
11.1,55.7,1.0,1.0
9.61,50.8,1.0,1.0
9.48,57.31,1.0,1.0
9.01,52.29,1.0,1.0
17.31,64.64,0.0,1.0
11.48,76.55,0.0,1.0
4.0,45.0,1.0,0.0
17.17,59.9,0.0,1.0
11.45,44.68,1.0,1.0
5.17,31.5,1.0,0.0
3.11,38.14,1.0,0.0
4.87,34.43,1.0,0.0
17.92,65.77,0.0,1.0
9.9,46.37,1.0,1.0
2.77,14.89,0.0,0.0
11.34,60.04,1.0,1.0
16.2,56.02,0.0,1.0
16.18,55.73,0.0,1.0
8.96,42.65,1.0,1.0
4.83,32.37,1.0,0.0
10.81,65.0,1.0,1.0
20.19,61.48,0.0,1.0
10.95,49.2,1.0,1.0
10.49,60.96,1.0,1.0
4.85,28.7,1.0,0.0
9.9,67.14,0.0,1.0
8.95,54.52,1.0,1.0
7.64,48.26,1.0,1.0
2.46,14.08,0.0,0.0
10.6,54.25,1.0,1.0
15.87,45.61,0.0,1.0
21.43,66.53,0.0,1.0
4.45,33.76,1.0,0.0
6.03,31.16,1.0,0.0
14.39,76.06,0.0,1.0
18.12,73.59,0.0,1.0
10.74,48.95,1.0,1.0
1.82,16.11,0.0,0.0
4.57,30.89,1.0,0.0
1.87,15.29,0.0,0.0
3.9,25.0,1.0,0.0
13.09,69.97,0.0,1.0
2.21,13.89,0.0,0.0
4.05,34.35,1.0,0.0
12.18,66.66,0.0,1.0
4.55,32.0,1.0,0.0
15.22,72.51,0.0,1.0
11.48,74.56,0.0,1.0
15.59,77.64,0.0,1.0
4.68,40.9,1.0,0.0
14.07,59.4,0.0,1.0
9.48,59.18,1.0,1.0
5.58,35.75,1.0,0.0
13.69,63.07,0.0,1.0
5.17,36.66,1.0,0.0
4.08,35.35,1.0,0.0
1.52,15.58,0.0,0.0
3.63,34.55,1.0,0.0
11.78,69.73,0.0,1.0
1.68,11.42,0.0,0.0
3.97,35.34,1.0,0.0
10.06,39.44,1.0,1.0
4.66,30.51,1.0,0.0
4.74,39.86,1.0,0.0
5.61,41.33,1.0,0.0
8.16,62.04,1.0,1.0
13.65,52.33,0.0,1.0
5.6,45.0,1.0,0.0
2.66,20.2,0.0,0.0
2.44,17.69,0.0,0.0
4.04,43.44,1.0,0.0
5.05,32.65,1.0,0.0
2.83,14.52,0.0,0.0
6.0,31.22,1.0,0.0
6.12,33.62,1.0,0.0
1.54,15.72,0.0,0.0
12.1,51.99,1.0,1.0
3.76,25.0,1.0,0.0
1.95,17.4,0.0,0.0
1.81,12.77,0.0,0.0
5.0,35.37,1.0,0.0
4.62,32.53,1.0,0.0
9.97,46.83,1.0,1.0
4.68,36.61,1.0,0.0
9.61,47.67,1.0,1.0
3.91,41.39,1.0,0.0
15.15,65.37,0.0,1.0
12.3,70.2,0.0,1.0
2.48,17.86,0.0,0.0
2.25,12.35,0.0,0.0
4.12,30.09,1.0,0.0
15.38,79.41,0.0,1.0
11.57,38.0,1.0,1.0
7.5,49.09,1.0,1.0
10.3,47.34,1.0,1.0
7.61,52.4,1.0,1.0
2.61,8.0,0.0,0.0
17.08,72.87,0.0,1.0
4.23,32.2,1.0,0.0
10.95,52.51,1.0,1.0
9.02,49.33,1.0,1.0
1.88,9.06,0.0,0.0
1.12,14.75,0.0,0.0
13.56,74.19,0.0,1.0
2.26,12.84,0.0,0.0
8.13,49.17,1.0,1.0
11.38,55.16,1.0,1.0
1.49,17.86,0.0,0.0
9.52,45.59,1.0,1.0
11.87,59.46,0.0,1.0
3.86,32.8,1.0,0.0
11.87,53.53,1.0,1.0
10.74,64.62,0.0,1.0
9.3,46.34,1.0,1.0
16.22,47.41,0.0,1.0
16.81,67.68,0.0,1.0
4.14,31.61,1.0,0.0
4.37,40.49,1.0,0.0
10.9,50.19,1.0,1.0
13.34,70.06,0.0,1.0
15.12,73.65,0.0,1.0
16.64,66.62,0.0,1.0
16.03,76.36,0.0,1.0
11.8,67.74,0.0,1.0
15.65,64.4,0.0,1.0
4.67,25.0,1.0,0.0
3.75,33.65,1.0,0.0
16.2,70.27,0.0,1.0
1.58,19.85,0.0,0.0
10.55,49.05,1.0,1.0
3.37,41.83,1.0,0.0
10.12,49.58,1.0,1.0
2.26,16.78,0.0,0.0
8.02,54.31,1.0,1.0
11.33,49.41,1.0,1.0
9.52,48.72,1.0,1.0
10.68,46.37,1.0,1.0
4.51,30.18,1.0,0.0
13.66,55.57,1.0,1.0
9.91,44.96,1.0,1.0
10.65,47.98,1.0,1.0
1.67,17.34,0.0,0.0
11.24,74.35,0.0,1.0
3.93,41.39,1.0,0.0
5.74,30.62,1.0,0.0
9.63,54.45,1.0,1.0
1.8,15.84,0.0,0.0
11.28,53.05,1.0,1.0
13.72,79.36,0.0,1.0
14.92,67.0,0.0,1.0
2.67,29.97,1.0,0.0
6.22,37.01,1.0,0.0
11.37,41.8,1.0,1.0
1.94,15.86,0.0,0.0
14.16,71.56,0.0,1.0
4.39,34.9,1.0,0.0
4.37,38.45,1.0,0.0
18.76,66.49,0.0,1.0
10.65,50.85,1.0,1.0
19.39,68.65,0.0,1.0
14.64,80.0,0.0,1.0
4.01,36.22,1.0,0.0
2.2,11.31,0.0,0.0
4.86,32.18,1.0,0.0
13.85,77.4,0.0,1.0
2.48,13.08,0.0,0.0
1.82,17.24,0.0,0.0
2.16,14.68,0.0,0.0
8.44,38.0,1.0,1.0
10.08,57.14,1.0,1.0
10.33,53.48,1.0,1.0
4.23,32.64,1.0,0.0
4.17,34.7,1.0,0.0
9.0,63.66,0.0,1.0
10.97,55.74,1.0,1.0
4.29,39.25,1.0,0.0
4.42,32.05,1.0,0.0
17.86,62.75,0.0,1.0
5.83,35.58,1.0,0.0
13.11,70.13,0.0,1.0
1.78,13.31,0.0,0.0
7.0,55.61,1.0,1.0
2.35,14.59,0.0,0.0
3.51,36.55,1.0,0.0
12.22,60.53,0.0,1.0
4.31,40.29,1.0,0.0
16.48,79.77,0.0,1.0
14.36,69.86,0.0,1.0
2.06,11.68,0.0,0.0
1.68,11.3,0.0,0.0
10.27,51.84,1.0,1.0
5.52,38.43,1.0,0.0
14.32,70.19,0.0,1.0
1.94,21.69,0.0,0.0
1.77,17.01,0.0,0.0
2.55,14.84,0.0,0.0
8.52,49.0,1.0,1.0
13.93,73.35,0.0,1.0
2.34,8.59,0.0,0.0
1.72,17.03,0.0,0.0
12.84,66.48,0.0,1.0
10.34,43.38,1.0,1.0
15.62,66.87,0.0,1.0
4.11,28.76,1.0,0.0
17.07,61.44,0.0,1.0
2.04,19.84,0.0,0.0
4.98,27.42,1.0,0.0
6.4,26.21,1.0,0.0
1.85,17.59,0.0,0.0
4.55,40.82,1.0,0.0
13.07,58.34,0.0,1.0
12.08,50.34,1.0,1.0
1.22,17.43,0.0,0.0
15.18,64.6,0.0,1.0
12.18,80.0,0.0,1.0
10.59,55.95,1.0,1.0
2.03,15.86,0.0,0.0
5.24,37.52,1.0,0.0
10.48,54.07,1.0,1.0
4.27,32.47,1.0,0.0
10.82,56.52,1.0,1.0
4.75,36.62,1.0,0.0
10.96,41.77,1.0,1.0
13.37,69.48,0.0,1.0
0.82,15.48,0.0,0.0
11.94,68.52,0.0,1.0
4.66,35.23,1.0,0.0
5.08,28.93,1.0,0.0
9.16,54.33,1.0,1.0
15.82,52.8,0.0,1.0
3.91,26.48,1.0,0.0
16.36,60.5,0.0,1.0
3.08,31.77,1.0,0.0
17.46,72.02,0.0,1.0
3.68,35.06,1.0,0.0
1.33,13.97,0.0,0.0
13.11,53.23,1.0,1.0
1.98,16.33,0.0,0.0
9.94,50.02,1.0,1.0
3.81,39.36,1.0,0.0
4.48,36.12,1.0,0.0
16.86,59.78,0.0,1.0
10.48,42.22,1.0,1.0
4.28,32.04,1.0,0.0
1.96,9.75,0.0,0.0
0.94,16.91,0.0,0.0
15.56,80.0,0.0,1.0
15.25,59.98,0.0,1.0
4.18,39.5,1.0,0.0
15.94,60.75,0.0,1.0
4.77,38.35,1.0,0.0
2.5,12.77,0.0,0.0
2.21,13.16,0.0,0.0
12.52,41.49,1.0,1.0
12.73,64.23,0.0,1.0
16.54,64.21,0.0,1.0
9.58,38.2,1.0,1.0
15.84,61.52,0.0,1.0
13.81,70.4,0.0,1.0
2.17,14.41,0.0,0.0
4.71,41.19,1.0,0.0
4.91,45.0,1.0,0.0
2.26,14.07,0.0,0.0
4.73,30.86,1.0,0.0
18.39,74.51,0.0,1.0
2.76,14.14,0.0,0.0
3.37,28.4,1.0,0.0
15.77,66.02,0.0,1.0
16.74,58.46,0.0,1.0
8.28,48.74,1.0,1.0
15.05,60.86,0.0,1.0
3.51,35.65,1.0,0.0
1.86,17.69,0.0,0.0
1.99,9.37,0.0,0.0
2.75,10.26,0.0,0.0
14.94,70.97,0.0,1.0
7.8,53.05,1.0,1.0
11.66,48.96,1.0,1.0
3.57,36.4,1.0,0.0
5.08,41.84,1.0,0.0
4.27,37.69,1.0,0.0
1.63,14.7,0.0,0.0
10.85,51.61,1.0,1.0
1.91,16.53,0.0,0.0
2.16,15.87,0.0,0.0
4.71,32.75,1.0,0.0
14.04,68.67,0.0,1.0
13.13,53.25,1.0,1.0
10.52,48.88,1.0,1.0
8.48,51.11,1.0,1.0
4.72,27.85,1.0,0.0
4.1,35.92,1.0,0.0
15.82,80.0,0.0,1.0
13.78,80.0,0.0,1.0
13.38,59.01,1.0,1.0
1.73,16.67,0.0,0.0
4.19,36.92,1.0,0.0
4.71,32.99,1.0,0.0
13.61,49.84,1.0,1.0
10.92,46.72,1.0,1.0
4.94,29.08,1.0,0.0
14.61,60.87,0.0,1.0
2.74,18.94,0.0,0.0
8.92,48.75,1.0,1.0
10.62,50.09,1.0,1.0
11.41,51.7,1.0,1.0
2.92,16.22,0.0,0.0
9.27,44.58,1.0,1.0
2.4,17.86,0.0,0.0
4.0,31.54,1.0,0.0
2.57,15.43,0.0,0.0
4.83,34.29,1.0,0.0
2.69,20.33,0.0,0.0
3.93,43.78,1.0,0.0
3.79,43.16,1.0,0.0
10.3,50.46,1.0,1.0
4.74,39.06,1.0,0.0
1.87,8.0,0.0,0.0
2.29,15.92,0.0,0.0
10.3,41.52,1.0,1.0
2.32,12.28,0.0,0.0
15.49,71.29,0.0,1.0
11.97,69.88,0.0,1.0
8.75,42.82,1.0,1.0
2.64,14.37,0.0,0.0
5.26,33.75,1.0,0.0
3.69,36.0,1.0,0.0
2.2,13.21,0.0,0.0
14.06,70.67,0.0,1.0
2.24,18.79,0.0,0.0
21.11,60.1,0.0,1.0
4.98,40.6,1.0,0.0
3.13,37.94,1.0,0.0
1.95,15.27,0.0,0.0
18.98,64.73,0.0,1.0
14.86,53.55,0.0,1.0
2.1,14.55,0.0,0.0
1.91,13.06,0.0,0.0
10.07,53.39,1.0,1.0
0.54,9.35,0.0,0.0
4.62,28.48,1.0,0.0
1.76,18.0,0.0,0.0
1.91,18.91,0.0,0.0
9.03,52.24,1.0,1.0
1.78,18.4,0.0,0.0
2.1,17.12,0.0,0.0
11.28,53.6,1.0,1.0
2.35,14.42,0.0,0.0
5.31,27.33,1.0,0.0
1.5,11.42,0.0,0.0
4.02,35.03,1.0,0.0
1.9,14.82,0.0,0.0
2.58,17.12,0.0,0.0
1.77,19.12,0.0,0.0
4.48,42.66,1.0,0.0
4.54,37.88,1.0,0.0
10.83,52.95,1.0,1.0
3.94,34.2,1.0,0.0
9.82,56.79,0.0,1.0
17.73,66.55,0.0,1.0
2.39,8.0,0.0,0.0
11.55,46.32,1.0,1.0
2.07,10.78,0.0,0.0
10.16,47.81,1.0,1.0
5.03,31.13,1.0,0.0
4.93,38.05,1.0,0.0
4.74,32.0,1.0,0.0
12.23,75.23,0.0,1.0
2.97,13.89,0.0,0.0
4.86,29.82,1.0,0.0
11.47,48.06,1.0,1.0
2.45,15.28,0.0,0.0
1.64,15.23,0.0,0.0
4.17,37.22,1.0,0.0
1.6,16.53,0.0,0.0
4.65,34.24,1.0,0.0
13.24,54.99,0.0,1.0
7.0,53.22,1.0,1.0
16.41,73.43,0.0,1.0
15.64,61.3,0.0,1.0
10.05,62.37,1.0,1.0
10.72,53.18,1.0,1.0
8.29,40.32,1.0,1.0
9.87,60.36,1.0,1.0
2.71,15.02,0.0,0.0
14.4,80.0,0.0,1.0
9.71,49.91,1.0,1.0
14.49,70.45,0.0,1.0
13.22,64.24,0.0,1.0
4.68,27.03,1.0,0.0
1.42,15.96,0.0,0.0
9.55,52.76,1.0,1.0
1.47,14.96,0.0,0.0
9.06,45.99,1.0,1.0
1.52,12.57,0.0,0.0
19.16,63.23,0.0,1.0
3.58,41.77,1.0,0.0
3.63,26.43,1.0,0.0
8.22,57.18,1.0,1.0
1.99,16.49,0.0,0.0
12.44,57.58,1.0,1.0
9.51,48.5,1.0,1.0
13.89,59.9,0.0,1.0
16.0,70.67,0.0,1.0
9.47,76.63,0.0,1.0
4.83,43.14,1.0,0.0
3.52,39.8,1.0,0.0
1.6,17.76,0.0,0.0
9.06,41.13,1.0,1.0
4.63,44.16,1.0,0.0
1.93,18.17,0.0,0.0
4.61,30.3,1.0,0.0
12.87,51.1,1.0,1.0
12.74,69.97,0.0,1.0
18.6,54.79,0.0,1.0
19.62,67.95,0.0,1.0
5.48,42.26,1.0,0.0
4.84,38.59,1.0,0.0
5.26,30.07,1.0,0.0
16.78,66.95,0.0,1.0
4.17,29.81,1.0,0.0
15.27,67.23,0.0,1.0
1.55,13.6,0.0,0.0
1.94,12.47,0.0,0.0
2.08,10.29,0.0,0.0
2.35,16.08,0.0,0.0
2.21,16.27,0.0,0.0
4.15,30.96,1.0,0.0
8.16,59.37,1.0,1.0
14.33,65.23,0.0,1.0
1.77,15.25,0.0,0.0
2.61,15.13,0.0,0.0
12.46,55.6,1.0,1.0
1.7,16.5,0.0,0.0
4.56,32.12,1.0,0.0
12.06,45.93,1.0,1.0
1.99,13.37,0.0,0.0
1.59,13.04,0.0,0.0
2.46,15.8,0.0,0.0
2.27,13.58,0.0,0.0
12.45,58.83,1.0,1.0
2.94,18.93,0.0,0.0
1.43,19.92,0.0,0.0
17.06,69.67,0.0,1.0
2.37,16.97,0.0,0.0
9.2,49.67,1.0,1.0
12.56,79.17,0.0,1.0
1.74,12.04,0.0,0.0
17.9,71.98,0.0,1.0
15.47,79.38,0.0,1.0
4.54,34.46,1.0,0.0
8.0,57.04,1.0,1.0
4.53,26.97,1.0,0.0
2.57,13.77,0.0,0.0
8.42,52.35,1.0,1.0
10.42,56.44,1.0,1.0
18.36,59.15,0.0,1.0
1.83,10.86,0.0,0.0
2.22,13.35,0.0,0.0
4.04,36.02,1.0,0.0
1.2,10.63,0.0,0.0
7.46,62.34,1.0,1.0
12.48,72.12,0.0,1.0
12.39,57.2,1.0,1.0
13.57,62.54,0.0,1.0
2.59,16.68,0.0,0.0
12.62,54.04,1.0,1.0
10.55,60.58,0.0,1.0
15.12,58.13,0.0,1.0
9.03,59.25,1.0,1.0
8.87,56.24,1.0,1.0
12.42,62.94,1.0,1.0
14.83,68.04,0.0,1.0
12.53,60.86,0.0,1.0
12.47,70.46,0.0,1.0
4.17,43.22,1.0,0.0
2.55,13.04,0.0,0.0
2.37,14.19,0.0,0.0
11.63,71.73,0.0,1.0
12.55,80.0,0.0,1.0
10.59,42.74,1.0,1.0
11.05,45.48,1.0,1.0
1.47,16.55,0.0,0.0
2.5,18.3,0.0,0.0
1.85,16.34,0.0,0.0
11.58,44.69,1.0,1.0
1.52,12.99,0.0,0.0
1.59,10.46,0.0,0.0
10.02,51.11,1.0,1.0
2.31,18.8,0.0,0.0
9.96,50.17,1.0,1.0
2.95,22.0,0.0,0.0
9.36,49.14,1.0,1.0
2.23,12.74,0.0,0.0
4.15,34.26,1.0,0.0
4.85,35.39,1.0,0.0
10.34,57.43,1.0,1.0
4.96,37.57,1.0,0.0
12.59,57.28,1.0,1.0
3.65,25.24,1.0,0.0
12.53,52.33,1.0,1.0
3.88,45.0,1.0,0.0
12.46,55.98,1.0,1.0
2.01,16.64,0.0,0.0
2.81,14.25,0.0,0.0
3.0,12.4,0.0,0.0
2.06,16.86,0.0,0.0
13.87,47.6,1.0,1.0
3.48,36.16,1.0,0.0
7.39,53.35,1.0,1.0
3.95,34.96,1.0,0.0
9.13,46.61,1.0,1.0
11.49,50.39,1.0,1.0
10.16,53.98,1.0,1.0
15.53,70.14,0.0,1.0
10.39,45.47,1.0,1.0
3.0,13.58,0.0,0.0
4.86,34.46,1.0,0.0
14.35,73.53,0.0,1.0
1.7,15.64,0.0,0.0
14.86,66.17,0.0,1.0
2.76,21.51,0.0,0.0
2.01,17.91,0.0,0.0
4.33,38.79,1.0,0.0
4.34,27.4,1.0,0.0
1.49,15.37,0.0,0.0
9.77,62.08,1.0,1.0
1.78,20.88,0.0,0.0
11.31,50.72,1.0,1.0
10.85,40.85,1.0,1.0
10.98,55.51,1.0,1.0
9.81,53.89,1.0,1.0
7.64,46.5,1.0,1.0
4.5,31.41,1.0,0.0
1.89,9.59,0.0,0.0
9.78,52.52,1.0,1.0
8.08,52.92,1.0,1.0
15.03,54.12,0.0,1.0
10.09,38.04,1.0,1.0
5.24,36.54,1.0,0.0
4.49,42.93,1.0,0.0
1.44,12.92,0.0,0.0
2.04,14.38,0.0,0.0
4.75,34.69,1.0,0.0
3.86,31.2,1.0,0.0
4.76,32.0,1.0,0.0
2.24,17.89,0.0,0.0
3.99,34.36,1.0,0.0
17.54,65.22,0.0,1.0
1.89,13.13,0.0,0.0
15.14,64.87,0.0,1.0
17.52,64.44,0.0,1.0
9.0,61.43,0.0,1.0
8.87,43.73,1.0,1.0
19.17,69.06,0.0,1.0
11.09,52.62,1.0,1.0
13.47,60.43,0.0,1.0
5.07,39.75,1.0,0.0
3.73,39.13,1.0,0.0
10.72,59.55,0.0,1.0
7.84,44.17,1.0,1.0
4.57,45.0,1.0,0.0
1.73,18.37,0.0,0.0
10.78,56.55,1.0,1.0
1.59,14.9,0.0,0.0
0.91,16.56,0.0,0.0
5.07,41.53,1.0,0.0
0.79,19.84,0.0,0.0
3.29,33.74,1.0,0.0
5.81,29.66,1.0,0.0
5.02,33.96,1.0,0.0
13.44,63.02,0.0,1.0
17.74,74.51,0.0,1.0
4.45,28.1,1.0,0.0
1.07,10.19,0.0,0.0
3.96,38.07,1.0,0.0
2.89,15.35,0.0,0.0
4.03,38.74,1.0,0.0
2.03,9.95,0.0,0.0
12.88,57.01,0.0,1.0
10.35,56.14,1.0,1.0
13.22,52.67,1.0,1.0
9.72,45.29,1.0,1.0
13.01,73.43,0.0,1.0
9.36,60.21,1.0,1.0
19.77,54.19,0.0,1.0
10.07,49.27,1.0,1.0
14.76,75.63,0.0,1.0
16.52,73.94,0.0,1.0
2.49,14.92,0.0,0.0
1.86,12.33,0.0,0.0
2.44,17.38,0.0,0.0
16.88,79.5,0.0,1.0
4.89,39.78,1.0,0.0
5.05,29.38,1.0,0.0
8.99,44.61,1.0,1.0
13.32,47.38,1.0,1.0
17.82,61.85,0.0,1.0
10.18,51.44,1.0,1.0
15.05,61.38,0.0,1.0
1.37,15.23,0.0,0.0
2.29,20.09,0.0,0.0
4.78,29.99,1.0,0.0
8.32,42.13,1.0,1.0
11.76,73.87,0.0,1.0
4.4,39.59,1.0,0.0
2.1,16.4,0.0,0.0
1.99,13.12,0.0,0.0
7.0,54.91,1.0,1.0
4.35,34.94,1.0,0.0
3.84,31.04,1.0,0.0
5.08,45.0,1.0,0.0
2.54,11.04,0.0,0.0
11.57,45.77,1.0,1.0
19.38,68.02,0.0,1.0
11.11,64.34,0.0,1.0
15.27,67.29,0.0,1.0
5.18,36.22,1.0,0.0
12.86,63.29,0.0,1.0
2.49,19.8,0.0,0.0
9.46,50.06,1.0,1.0
13.72,68.94,0.0,1.0
2.94,13.16,0.0,0.0
4.42,42.4,1.0,0.0
3.16,29.88,1.0,0.0
13.98,53.12,0.0,1.0
11.5,42.98,1.0,1.0
15.18,62.13,0.0,1.0
16.43,72.78,0.0,1.0
5.08,42.76,1.0,0.0
1.46,14.61,0.0,0.0
2.04,18.57,0.0,0.0
8.36,41.92,1.0,1.0
1.22,14.37,0.0,0.0
17.57,64.97,0.0,1.0
1.89,12.09,0.0,0.0
11.05,57.37,1.0,1.0
2.57,15.7,0.0,0.0
5.11,30.69,1.0,0.0
8.06,43.61,1.0,1.0
2.54,19.19,0.0,0.0
11.72,58.34,1.0,1.0
8.53,48.51,1.0,1.0
3.44,34.72,1.0,0.0
2.16,10.49,0.0,0.0
12.05,50.13,1.0,1.0
14.54,49.88,0.0,1.0
12.09,54.89,1.0,1.0
11.98,53.35,1.0,1.0
4.73,37.74,1.0,0.0
15.43,61.43,0.0,1.0
11.16,49.85,1.0,1.0
2.06,19.18,0.0,0.0
8.85,57.25,1.0,1.0
11.5,57.19,0.0,1.0
4.34,27.82,1.0,0.0
14.18,66.57,0.0,1.0
19.24,68.58,0.0,1.0
3.82,38.56,1.0,0.0
10.93,59.18,0.0,1.0
1.88,19.12,0.0,0.0
5.1,34.84,1.0,0.0
10.86,79.77,0.0,1.0
2.18,10.25,0.0,0.0
13.64,77.62,0.0,1.0
11.8,48.67,0.0,1.0
15.83,68.06,0.0,1.0
2.93,16.65,0.0,0.0
15.99,75.05,0.0,1.0
13.44,53.34,1.0,1.0
3.41,30.8,1.0,0.0
7.53,62.99,1.0,1.0
1.28,14.36,0.0,0.0
4.34,33.93,1.0,0.0
19.71,53.97,0.0,1.0
4.73,33.39,1.0,0.0
9.8,69.56,0.0,1.0
15.85,54.24,0.0,1.0
4.28,34.44,1.0,0.0
15.29,59.59,0.0,1.0
3.86,37.49,1.0,0.0
10.23,57.18,1.0,1.0
5.53,42.21,1.0,0.0
10.19,51.85,1.0,1.0
5.58,37.98,1.0,0.0
5.82,34.91,1.0,0.0
10.83,70.66,0.0,1.0
1.85,14.6,0.0,0.0
16.78,60.98,0.0,1.0
4.26,39.29,1.0,0.0
